date,model,usage_total_completion_tokens,usage_total_prompt_tokens,usage_total_cost,dataset,num_tasks,change_representation,new_representation,success_cnt,success_rate,cat_success_cnt_1d_denoising_1c,cat_success_cnt_1d_denoising_mc,cat_success_cnt_1d_fill,cat_success_cnt_1d_flip,cat_success_cnt_1d_hollow,cat_success_cnt_1d_mirror,cat_success_cnt_1d_move_1p,cat_success_cnt_1d_move_2p,cat_success_cnt_1d_move_2p_dp,cat_success_cnt_1d_move_3p,cat_success_cnt_1d_move_dp,cat_success_cnt_1d_padded_fill,cat_success_cnt_1d_pcopy_1c,cat_success_cnt_1d_pcopy_mc,cat_success_cnt_1d_recolor_cmp,cat_success_cnt_1d_recolor_cnt,cat_success_cnt_1d_recolor_oe,cat_success_cnt_1d_scale_dp,cat_success_rate_1d_denoising_1c,cat_success_rate_1d_denoising_mc,cat_success_rate_1d_fill,cat_success_rate_1d_flip,cat_success_rate_1d_hollow,cat_success_rate_1d_mirror,cat_success_rate_1d_move_1p,cat_success_rate_1d_move_2p,cat_success_rate_1d_move_2p_dp,cat_success_rate_1d_move_3p,cat_success_rate_1d_move_dp,cat_success_rate_1d_padded_fill,cat_success_rate_1d_pcopy_1c,cat_success_rate_1d_pcopy_mc,cat_success_rate_1d_recolor_cmp,cat_success_rate_1d_recolor_cnt,cat_success_rate_1d_recolor_oe,cat_success_rate_1d_scale_dp,solved_tasks,solved_tasks_str_comparison,args:_backend,args:_use_api,args:_temperature,args:_task,args:_input_representation,args:_naive_run,args:_search_algo,args:_prompt_sample,args:_method_generate,args:_method_evaluate,args:_method_select,args:_revision,args:_n_generate_sample,args:_n_evaluate_sample,args:_n_select_sample,failure_log,avg_complexity,args:_model_revision,num_tasks_with_too_long_prompts,args:_continue_run,num_tasks_error,too_long_prompts_all_sampling,too_long_prompts_all_value,too_long_prompts_all_vote
2024-02-07_14-51-44,gpt-3.5-turbo-1106,523482,981759,2.0287230000000003,arc_1D,901,False,0 - 9,162,0.17980022197558268,1,8,13,35,10,6,22,13,8,6,6,4,6,0,4,1,9,10,0.02,0.16,0.26,0.7,0.2,0.12,0.44,0.26,0.16,0.12,0.12,0.08,0.12,0.0,0.08,0.02,0.18,0.19607843137254902,"[['1d_denoising_1c_16.json', 1], ['1d_denoising_mc_10.json', 1], ['1d_denoising_mc_13.json', 1], ['1d_denoising_mc_3.json', 1], ['1d_denoising_mc_30.json', 1], ['1d_denoising_mc_31.json', 1], ['1d_denoising_mc_32.json', 1], ['1d_denoising_mc_35.json', 1], ['1d_denoising_mc_6.json', 1], ['1d_fill_16.json', 1], ['1d_fill_17.json', 1], ['1d_fill_18.json', 1], ['1d_fill_19.json', 1], ['1d_fill_23.json', 1], ['1d_fill_34.json', 1], ['1d_fill_38.json', 1], ['1d_fill_41.json', 1], ['1d_fill_44.json', 1], ['1d_fill_47.json', 1], ['1d_fill_49.json', 1], ['1d_fill_5.json', 1], ['1d_fill_8.json', 1], ['1d_flip_0.json', 1], ['1d_flip_1.json', 1], ['1d_flip_10.json', 1], ['1d_flip_11.json', 1], ['1d_flip_15.json', 1], ['1d_flip_16.json', 1], ['1d_flip_17.json', 1], ['1d_flip_18.json', 1], ['1d_flip_21.json', 1], ['1d_flip_23.json', 1], ['1d_flip_24.json', 1], ['1d_flip_25.json', 1], ['1d_flip_26.json', 1], ['1d_flip_27.json', 1], ['1d_flip_28.json', 1], ['1d_flip_3.json', 1], ['1d_flip_31.json', 1], ['1d_flip_32.json', 1], ['1d_flip_33.json', 1], ['1d_flip_34.json', 1], ['1d_flip_35.json', 1], ['1d_flip_36.json', 1], ['1d_flip_37.json', 1], ['1d_flip_38.json', 1], ['1d_flip_39.json', 1], ['1d_flip_4.json', 1], ['1d_flip_41.json', 1], ['1d_flip_43.json', 1], ['1d_flip_45.json', 1], ['1d_flip_47.json', 1], ['1d_flip_48.json', 1], ['1d_flip_5.json', 1], ['1d_flip_6.json', 1], ['1d_flip_7.json', 1], ['1d_flip_9.json', 1], ['1d_hollow_0.json', 1], ['1d_hollow_17.json', 1], ['1d_hollow_20.json', 1], ['1d_hollow_33.json', 1], ['1d_hollow_38.json', 1], ['1d_hollow_4.json', 1], ['1d_hollow_40.json', 1], ['1d_hollow_47.json', 1], ['1d_hollow_49.json', 1], ['1d_hollow_8.json', 1], ['1d_mirror_18.json', 1], ['1d_mirror_20.json', 1], ['1d_mirror_22.json', 1], ['1d_mirror_27.json', 1], ['1d_mirror_37.json', 1], ['1d_mirror_41.json', 1], ['1d_move_1p_0.json', 1], ['1d_move_1p_15.json', 1], ['1d_move_1p_17.json', 1], ['1d_move_1p_18.json', 1], ['1d_move_1p_19.json', 1], ['1d_move_1p_20.json', 1], ['1d_move_1p_21.json', 1], ['1d_move_1p_22.json', 1], ['1d_move_1p_23.json', 1], ['1d_move_1p_29.json', 1], ['1d_move_1p_30.json', 1], ['1d_move_1p_34.json', 1], ['1d_move_1p_36.json', 1], ['1d_move_1p_37.json', 1], ['1d_move_1p_39.json', 1], ['1d_move_1p_4.json', 1], ['1d_move_1p_43.json', 1], ['1d_move_1p_44.json', 1], ['1d_move_1p_47.json', 1], ['1d_move_1p_6.json', 1], ['1d_move_1p_7.json', 1], ['1d_move_1p_8.json', 1], ['1d_move_2p_0.json', 1], ['1d_move_2p_15.json', 1], ['1d_move_2p_18.json', 1], ['1d_move_2p_19.json', 1], ['1d_move_2p_21.json', 1], ['1d_move_2p_29.json', 1], ['1d_move_2p_42.json', 1], ['1d_move_2p_44.json', 1], ['1d_move_2p_46.json', 1], ['1d_move_2p_47.json', 1], ['1d_move_2p_48.json', 1], ['1d_move_2p_7.json', 1], ['1d_move_2p_8.json', 1], ['1d_move_2p_dp_15.json', 1], ['1d_move_2p_dp_19.json', 1], ['1d_move_2p_dp_29.json', 1], ['1d_move_2p_dp_36.json', 1], ['1d_move_2p_dp_37.json', 1], ['1d_move_2p_dp_42.json', 1], ['1d_move_2p_dp_44.json', 1], ['1d_move_2p_dp_7.json', 1], ['1d_move_3p_15.json', 1], ['1d_move_3p_20.json', 1], ['1d_move_3p_44.json', 1], ['1d_move_3p_46.json', 1], ['1d_move_3p_7.json', 1], ['1d_move_3p_8.json', 1], ['1d_move_dp_23.json', 1], ['1d_move_dp_29.json', 1], ['1d_move_dp_37.json', 1], ['1d_move_dp_41.json', 1], ['1d_move_dp_44.json', 1], ['1d_move_dp_7.json', 1], ['1d_padded_fill_25.json', 1], ['1d_padded_fill_28.json', 1], ['1d_padded_fill_47.json', 1], ['1d_padded_fill_49.json', 1], ['1d_pcopy_1c_28.json', 1], ['1d_pcopy_1c_38.json', 1], ['1d_pcopy_1c_4.json', 1], ['1d_pcopy_1c_41.json', 1], ['1d_pcopy_1c_44.json', 1], ['1d_pcopy_1c_9.json', 1], ['1d_recolor_cmp_12.json', 1], ['1d_recolor_cmp_35.json', 1], ['1d_recolor_cmp_42.json', 1], ['1d_recolor_cmp_7.json', 1], ['1d_recolor_cnt_5.json', 1], ['1d_recolor_oe_22.json', 1], ['1d_recolor_oe_27.json', 1], ['1d_recolor_oe_3.json', 1], ['1d_recolor_oe_34.json', 1], ['1d_recolor_oe_43.json', 1], ['1d_recolor_oe_44.json', 1], ['1d_recolor_oe_45.json', 1], ['1d_recolor_oe_7.json', 1], ['1d_recolor_oe_8.json', 1], ['1d_scale_dp_0.json', 1], ['1d_scale_dp_25.json', 1], ['1d_scale_dp_35.json', 1], ['1d_scale_dp_36.json', 1], ['1d_scale_dp_39.json', 1], ['1d_scale_dp_4.json', 1], ['1d_scale_dp_40.json', 1], ['1d_scale_dp_44.json', 1], ['1d_scale_dp_6.json', 1], ['1d_scale_dp_7.json', 1]]",[],gpt-3.5-turbo-1106,True,0.7,arc_1D,,True,bfs,cot,sample,value,greedy,False,1,1,1,,18.623456790123456,,,,,,,
2024-02-08_09-42-53,gpt-4-1106-preview,550296,981759,26.32647,arc_1D,901,False,0 - 9,404,0.4483906770255272,42,47,37,35,49,7,37,21,16,13,8,4,3,5,23,16,9,32,0.84,0.94,0.74,0.7,0.98,0.14,0.74,0.42,0.32,0.26,0.16,0.08,0.06,0.1,0.46,0.32,0.18,0.6274509803921569,"[['1d_denoising_1c_0.json', 1], ['1d_denoising_1c_1.json', 1], ['1d_denoising_1c_10.json', 1], ['1d_denoising_1c_11.json', 1], ['1d_denoising_1c_12.json', 1], ['1d_denoising_1c_13.json', 1], ['1d_denoising_1c_15.json', 1], ['1d_denoising_1c_16.json', 1], ['1d_denoising_1c_17.json', 1], ['1d_denoising_1c_19.json', 1], ['1d_denoising_1c_2.json', 1], ['1d_denoising_1c_20.json', 1], ['1d_denoising_1c_21.json', 1], ['1d_denoising_1c_22.json', 1], ['1d_denoising_1c_23.json', 1], ['1d_denoising_1c_24.json', 1], ['1d_denoising_1c_25.json', 1], ['1d_denoising_1c_28.json', 1], ['1d_denoising_1c_29.json', 1], ['1d_denoising_1c_3.json', 1], ['1d_denoising_1c_30.json', 1], ['1d_denoising_1c_32.json', 1], ['1d_denoising_1c_33.json', 1], ['1d_denoising_1c_34.json', 1], ['1d_denoising_1c_36.json', 1], ['1d_denoising_1c_37.json', 1], ['1d_denoising_1c_38.json', 1], ['1d_denoising_1c_39.json', 1], ['1d_denoising_1c_4.json', 1], ['1d_denoising_1c_40.json', 1], ['1d_denoising_1c_41.json', 1], ['1d_denoising_1c_42.json', 1], ['1d_denoising_1c_43.json', 1], ['1d_denoising_1c_44.json', 1], ['1d_denoising_1c_45.json', 1], ['1d_denoising_1c_46.json', 1], ['1d_denoising_1c_47.json', 1], ['1d_denoising_1c_48.json', 1], ['1d_denoising_1c_49.json', 1], ['1d_denoising_1c_7.json', 1], ['1d_denoising_1c_8.json', 1], ['1d_denoising_1c_9.json', 1], ['1d_denoising_mc_0.json', 1], ['1d_denoising_mc_1.json', 1], ['1d_denoising_mc_10.json', 1], ['1d_denoising_mc_11.json', 1], ['1d_denoising_mc_12.json', 1], ['1d_denoising_mc_13.json', 1], ['1d_denoising_mc_14.json', 1], ['1d_denoising_mc_15.json', 1], ['1d_denoising_mc_16.json', 1], ['1d_denoising_mc_17.json', 1], ['1d_denoising_mc_18.json', 1], ['1d_denoising_mc_19.json', 1], ['1d_denoising_mc_2.json', 1], ['1d_denoising_mc_20.json', 1], ['1d_denoising_mc_21.json', 1], ['1d_denoising_mc_22.json', 1], ['1d_denoising_mc_23.json', 1], ['1d_denoising_mc_24.json', 1], ['1d_denoising_mc_25.json', 1], ['1d_denoising_mc_26.json', 1], ['1d_denoising_mc_27.json', 1], ['1d_denoising_mc_28.json', 1], ['1d_denoising_mc_29.json', 1], ['1d_denoising_mc_3.json', 1], ['1d_denoising_mc_30.json', 1], ['1d_denoising_mc_31.json', 1], ['1d_denoising_mc_32.json', 1], ['1d_denoising_mc_33.json', 1], ['1d_denoising_mc_34.json', 1], ['1d_denoising_mc_36.json', 1], ['1d_denoising_mc_37.json', 1], ['1d_denoising_mc_38.json', 1], ['1d_denoising_mc_39.json', 1], ['1d_denoising_mc_4.json', 1], ['1d_denoising_mc_40.json', 1], ['1d_denoising_mc_41.json', 1], ['1d_denoising_mc_42.json', 1], ['1d_denoising_mc_43.json', 1], ['1d_denoising_mc_45.json', 1], ['1d_denoising_mc_46.json', 1], ['1d_denoising_mc_47.json', 1], ['1d_denoising_mc_48.json', 1], ['1d_denoising_mc_49.json', 1], ['1d_denoising_mc_5.json', 1], ['1d_denoising_mc_6.json', 1], ['1d_denoising_mc_7.json', 1], ['1d_denoising_mc_8.json', 1], ['1d_fill_0.json', 1], ['1d_fill_1.json', 1], ['1d_fill_10.json', 1], ['1d_fill_14.json', 1], ['1d_fill_15.json', 1], ['1d_fill_16.json', 1], ['1d_fill_17.json', 1], ['1d_fill_18.json', 1], ['1d_fill_2.json', 1], ['1d_fill_20.json', 1], ['1d_fill_21.json', 1], ['1d_fill_26.json', 1], ['1d_fill_28.json', 1], ['1d_fill_29.json', 1], ['1d_fill_3.json', 1], ['1d_fill_30.json', 1], ['1d_fill_32.json', 1], ['1d_fill_33.json', 1], ['1d_fill_34.json', 1], ['1d_fill_35.json', 1], ['1d_fill_36.json', 1], ['1d_fill_37.json', 1], ['1d_fill_38.json', 1], ['1d_fill_39.json', 1], ['1d_fill_4.json', 1], ['1d_fill_40.json', 1], ['1d_fill_41.json', 1], ['1d_fill_42.json', 1], ['1d_fill_43.json', 1], ['1d_fill_46.json', 1], ['1d_fill_47.json', 1], ['1d_fill_48.json', 1], ['1d_fill_5.json', 1], ['1d_fill_6.json', 1], ['1d_fill_7.json', 1], ['1d_fill_8.json', 1], ['1d_fill_9.json', 1], ['1d_flip_0.json', 1], ['1d_flip_1.json', 1], ['1d_flip_10.json', 1], ['1d_flip_11.json', 1], ['1d_flip_12.json', 1], ['1d_flip_13.json', 1], ['1d_flip_14.json', 1], ['1d_flip_15.json', 1], ['1d_flip_16.json', 1], ['1d_flip_17.json', 1], ['1d_flip_18.json', 1], ['1d_flip_19.json', 1], ['1d_flip_21.json', 1], ['1d_flip_24.json', 1], ['1d_flip_25.json', 1], ['1d_flip_27.json', 1], ['1d_flip_28.json', 1], ['1d_flip_29.json', 1], ['1d_flip_30.json', 1], ['1d_flip_31.json', 1], ['1d_flip_32.json', 1], ['1d_flip_33.json', 1], ['1d_flip_34.json', 1], ['1d_flip_36.json', 1], ['1d_flip_37.json', 1], ['1d_flip_38.json', 1], ['1d_flip_40.json', 1], ['1d_flip_41.json', 1], ['1d_flip_43.json', 1], ['1d_flip_44.json', 1], ['1d_flip_45.json', 1], ['1d_flip_46.json', 1], ['1d_flip_5.json', 1], ['1d_flip_6.json', 1], ['1d_flip_9.json', 1], ['1d_hollow_0.json', 1], ['1d_hollow_1.json', 1], ['1d_hollow_10.json', 1], ['1d_hollow_11.json', 1], ['1d_hollow_12.json', 1], ['1d_hollow_13.json', 1], ['1d_hollow_14.json', 1], ['1d_hollow_15.json', 1], ['1d_hollow_16.json', 1], ['1d_hollow_17.json', 1], ['1d_hollow_19.json', 1], ['1d_hollow_2.json', 1], ['1d_hollow_20.json', 1], ['1d_hollow_21.json', 1], ['1d_hollow_22.json', 1], ['1d_hollow_23.json', 1], ['1d_hollow_24.json', 1], ['1d_hollow_25.json', 1], ['1d_hollow_26.json', 1], ['1d_hollow_27.json', 1], ['1d_hollow_28.json', 1], ['1d_hollow_29.json', 1], ['1d_hollow_3.json', 1], ['1d_hollow_30.json', 1], ['1d_hollow_31.json', 1], ['1d_hollow_32.json', 1], ['1d_hollow_33.json', 1], ['1d_hollow_34.json', 1], ['1d_hollow_35.json', 1], ['1d_hollow_36.json', 1], ['1d_hollow_37.json', 1], ['1d_hollow_38.json', 1], ['1d_hollow_39.json', 1], ['1d_hollow_4.json', 1], ['1d_hollow_40.json', 1], ['1d_hollow_41.json', 1], ['1d_hollow_42.json', 1], ['1d_hollow_43.json', 1], ['1d_hollow_44.json', 1], ['1d_hollow_45.json', 1], ['1d_hollow_46.json', 1], ['1d_hollow_47.json', 1], ['1d_hollow_48.json', 1], ['1d_hollow_49.json', 1], ['1d_hollow_5.json', 1], ['1d_hollow_6.json', 1], ['1d_hollow_7.json', 1], ['1d_hollow_8.json', 1], ['1d_hollow_9.json', 1], ['1d_mirror_1.json', 1], ['1d_mirror_14.json', 1], ['1d_mirror_22.json', 1], ['1d_mirror_27.json', 1], ['1d_mirror_29.json', 1], ['1d_mirror_41.json', 1], ['1d_mirror_45.json', 1], ['1d_move_1p_0.json', 1], ['1d_move_1p_10.json', 1], ['1d_move_1p_11.json', 1], ['1d_move_1p_14.json', 1], ['1d_move_1p_15.json', 1], ['1d_move_1p_17.json', 1], ['1d_move_1p_18.json', 1], ['1d_move_1p_19.json', 1], ['1d_move_1p_2.json', 1], ['1d_move_1p_20.json', 1], ['1d_move_1p_21.json', 1], ['1d_move_1p_22.json', 1], ['1d_move_1p_23.json', 1], ['1d_move_1p_25.json', 1], ['1d_move_1p_27.json', 1], ['1d_move_1p_29.json', 1], ['1d_move_1p_31.json', 1], ['1d_move_1p_32.json', 1], ['1d_move_1p_33.json', 1], ['1d_move_1p_34.json', 1], ['1d_move_1p_35.json', 1], ['1d_move_1p_36.json', 1], ['1d_move_1p_37.json', 1], ['1d_move_1p_38.json', 1], ['1d_move_1p_39.json', 1], ['1d_move_1p_4.json', 1], ['1d_move_1p_40.json', 1], ['1d_move_1p_41.json', 1], ['1d_move_1p_43.json', 1], ['1d_move_1p_44.json', 1], ['1d_move_1p_45.json', 1], ['1d_move_1p_46.json', 1], ['1d_move_1p_48.json', 1], ['1d_move_1p_5.json', 1], ['1d_move_1p_6.json', 1], ['1d_move_1p_7.json', 1], ['1d_move_1p_9.json', 1], ['1d_move_2p_15.json', 1], ['1d_move_2p_19.json', 1], ['1d_move_2p_20.json', 1], ['1d_move_2p_23.json', 1], ['1d_move_2p_24.json', 1], ['1d_move_2p_27.json', 1], ['1d_move_2p_29.json', 1], ['1d_move_2p_30.json', 1], ['1d_move_2p_33.json', 1], ['1d_move_2p_36.json', 1], ['1d_move_2p_37.json', 1], ['1d_move_2p_38.json', 1], ['1d_move_2p_39.json', 1], ['1d_move_2p_42.json', 1], ['1d_move_2p_43.json', 1], ['1d_move_2p_44.json', 1], ['1d_move_2p_46.json', 1], ['1d_move_2p_47.json', 1], ['1d_move_2p_7.json', 1], ['1d_move_2p_8.json', 1], ['1d_move_2p_9.json', 1], ['1d_move_2p_dp_0.json', 1], ['1d_move_2p_dp_15.json', 1], ['1d_move_2p_dp_18.json', 1], ['1d_move_2p_dp_20.json', 1], ['1d_move_2p_dp_23.json', 1], ['1d_move_2p_dp_24.json', 1], ['1d_move_2p_dp_27.json', 1], ['1d_move_2p_dp_29.json', 1], ['1d_move_2p_dp_38.json', 1], ['1d_move_2p_dp_39.json', 1], ['1d_move_2p_dp_44.json', 1], ['1d_move_2p_dp_46.json', 1], ['1d_move_2p_dp_49.json', 1], ['1d_move_2p_dp_5.json', 1], ['1d_move_2p_dp_6.json', 1], ['1d_move_2p_dp_8.json', 1], ['1d_move_3p_0.json', 1], ['1d_move_3p_20.json', 1], ['1d_move_3p_22.json', 1], ['1d_move_3p_27.json', 1], ['1d_move_3p_29.json', 1], ['1d_move_3p_34.json', 1], ['1d_move_3p_40.json', 1], ['1d_move_3p_44.json', 1], ['1d_move_3p_46.json', 1], ['1d_move_3p_6.json', 1], ['1d_move_3p_7.json', 1], ['1d_move_3p_8.json', 1], ['1d_move_3p_9.json', 1], ['1d_move_dp_23.json', 1], ['1d_move_dp_25.json', 1], ['1d_move_dp_37.json', 1], ['1d_move_dp_42.json', 1], ['1d_move_dp_44.json', 1], ['1d_move_dp_6.json', 1], ['1d_move_dp_7.json', 1], ['1d_move_dp_8.json', 1], ['1d_padded_fill_17.json', 1], ['1d_padded_fill_37.json', 1], ['1d_padded_fill_42.json', 1], ['1d_padded_fill_47.json', 1], ['1d_pcopy_1c_24.json', 1], ['1d_pcopy_1c_29.json', 1], ['1d_pcopy_1c_44.json', 1], ['1d_pcopy_mc_10.json', 1], ['1d_pcopy_mc_20.json', 1], ['1d_pcopy_mc_34.json', 1], ['1d_pcopy_mc_49.json', 1], ['1d_pcopy_mc_9.json', 1], ['1d_recolor_cmp_0.json', 1], ['1d_recolor_cmp_12.json', 1], ['1d_recolor_cmp_15.json', 1], ['1d_recolor_cmp_2.json', 1], ['1d_recolor_cmp_20.json', 1], ['1d_recolor_cmp_22.json', 1], ['1d_recolor_cmp_23.json', 1], ['1d_recolor_cmp_25.json', 1], ['1d_recolor_cmp_27.json', 1], ['1d_recolor_cmp_28.json', 1], ['1d_recolor_cmp_31.json', 1], ['1d_recolor_cmp_32.json', 1], ['1d_recolor_cmp_33.json', 1], ['1d_recolor_cmp_35.json', 1], ['1d_recolor_cmp_36.json', 1], ['1d_recolor_cmp_39.json', 1], ['1d_recolor_cmp_42.json', 1], ['1d_recolor_cmp_43.json', 1], ['1d_recolor_cmp_44.json', 1], ['1d_recolor_cmp_45.json', 1], ['1d_recolor_cmp_47.json', 1], ['1d_recolor_cmp_7.json', 1], ['1d_recolor_cmp_8.json', 1], ['1d_recolor_cnt_10.json', 1], ['1d_recolor_cnt_12.json', 1], ['1d_recolor_cnt_14.json', 1], ['1d_recolor_cnt_15.json', 1], ['1d_recolor_cnt_21.json', 1], ['1d_recolor_cnt_22.json', 1], ['1d_recolor_cnt_23.json', 1], ['1d_recolor_cnt_24.json', 1], ['1d_recolor_cnt_27.json', 1], ['1d_recolor_cnt_36.json', 1], ['1d_recolor_cnt_38.json', 1], ['1d_recolor_cnt_44.json', 1], ['1d_recolor_cnt_48.json', 1], ['1d_recolor_cnt_5.json', 1], ['1d_recolor_cnt_7.json', 1], ['1d_recolor_cnt_8.json', 1], ['1d_recolor_oe_13.json', 1], ['1d_recolor_oe_14.json', 1], ['1d_recolor_oe_17.json', 1], ['1d_recolor_oe_19.json', 1], ['1d_recolor_oe_22.json', 1], ['1d_recolor_oe_42.json', 1], ['1d_recolor_oe_43.json', 1], ['1d_recolor_oe_44.json', 1], ['1d_recolor_oe_6.json', 1], ['1d_scale_dp_0.json', 1], ['1d_scale_dp_1.json', 1], ['1d_scale_dp_10.json', 1], ['1d_scale_dp_11.json', 1], ['1d_scale_dp_13.json', 1], ['1d_scale_dp_14.json', 1], ['1d_scale_dp_15.json', 1], ['1d_scale_dp_17.json', 1], ['1d_scale_dp_18.json', 1], ['1d_scale_dp_20.json', 1], ['1d_scale_dp_22.json', 1], ['1d_scale_dp_23.json', 1], ['1d_scale_dp_24.json', 1], ['1d_scale_dp_29.json', 1], ['1d_scale_dp_3.json', 1], ['1d_scale_dp_30.json', 1], ['1d_scale_dp_31.json', 1], ['1d_scale_dp_34.json', 1], ['1d_scale_dp_35.json', 1], ['1d_scale_dp_37.json', 1], ['1d_scale_dp_38.json', 1], ['1d_scale_dp_4.json', 1], ['1d_scale_dp_41.json', 1], ['1d_scale_dp_42.json', 1], ['1d_scale_dp_44.json', 1], ['1d_scale_dp_46.json', 1], ['1d_scale_dp_47.json', 1], ['1d_scale_dp_50.json', 1], ['1d_scale_dp_6.json', 1], ['1d_scale_dp_7.json', 1], ['1d_scale_dp_8.json', 1], ['1d_scale_dp_9.json', 1]]",[],gpt-4-1106-preview,True,0.7,arc_1D,,True,bfs,cot,sample,value,greedy,False,1,1,1,,22.45049504950495,,,,,,,
2024-02-07_01-26-50,NousResearch/Llama-2-7b-chat-hf,2401369,3145299,,arc_1D,901,False,0 - 9,11,0.01220865704772475,0,0,1,0,2,0,1,1,2,1,0,0,0,0,0,0,0,3,0.0,0.0,0.02,0.0,0.04,0.0,0.02,0.02,0.04,0.02,0.0,0.0,0.0,0.0,0.0,0.0,0.0,0.058823529411764705,"[['1d_fill_47.json', 1], ['1d_hollow_43.json', 1], ['1d_hollow_47.json', 1], ['1d_move_1p_39.json', 1], ['1d_move_2p_44.json', 1], ['1d_move_2p_dp_20.json', 1], ['1d_move_2p_dp_44.json', 1], ['1d_move_3p_44.json', 1], ['1d_scale_dp_37.json', 1], ['1d_scale_dp_44.json', 1], ['1d_scale_dp_8.json', 1]]",[],NousResearch/Llama-2-7b-chat-hf,True,0.7,arc_1D,,True,bfs,cot,sample,value,greedy,False,1,1,1,,9.636363636363637,main,,,,,,
2024-02-06_14-28-55,TheBloke/Llama-2-13B-chat-GPTQ,1544424,2096866,,arc_1D,901,False,0 - 9,11,0.01220865704772475,0,0,2,0,0,0,0,1,1,1,2,0,0,0,1,0,1,2,0.0,0.0,0.04,0.0,0.0,0.0,0.0,0.02,0.02,0.02,0.04,0.0,0.0,0.0,0.02,0.0,0.02,0.0392156862745098,"[['1d_fill_11.json', 1], ['1d_fill_45.json', 1], ['1d_move_2p_44.json', 1], ['1d_move_2p_dp_44.json', 1], ['1d_move_3p_44.json', 1], ['1d_move_dp_41.json', 1], ['1d_move_dp_7.json', 1], ['1d_recolor_cmp_41.json', 1], ['1d_recolor_oe_17.json', 1], ['1d_scale_dp_37.json', 1], ['1d_scale_dp_7.json', 1]]",[],TheBloke/Llama-2-13B-chat-GPTQ,True,0.7,arc_1D,,True,bfs,cot,sample,value,greedy,False,1,1,1,,12.727272727272727,main,,,,,,
2024-02-09_04-10-43,TheBloke/Llama-2-13B-GPTQ,4038865,5209729,,arc_1D,901,False,0 - 9,61,0.06770255271920089,0,4,7,6,2,0,5,3,3,4,3,2,1,2,2,0,2,15,0.0,0.08,0.14,0.12,0.04,0.0,0.1,0.06,0.06,0.08,0.06,0.04,0.02,0.04,0.04,0.0,0.04,0.29411764705882354,"[['1d_denoising_mc_17.json', 1], ['1d_denoising_mc_37.json', 1], ['1d_denoising_mc_45.json', 1], ['1d_denoising_mc_49.json', 1], ['1d_fill_11.json', 1], ['1d_fill_2.json', 1], ['1d_fill_23.json', 1], ['1d_fill_38.json', 1], ['1d_fill_4.json', 1], ['1d_fill_47.json', 1], ['1d_fill_9.json', 1], ['1d_flip_1.json', 1], ['1d_flip_10.json', 1], ['1d_flip_24.json', 1], ['1d_flip_25.json', 1], ['1d_flip_27.json', 1], ['1d_flip_31.json', 1], ['1d_hollow_4.json', 1], ['1d_hollow_47.json', 1], ['1d_move_1p_15.json', 1], ['1d_move_1p_29.json', 1], ['1d_move_1p_37.json', 1], ['1d_move_1p_44.json', 1], ['1d_move_1p_7.json', 1], ['1d_move_2p_29.json', 1], ['1d_move_2p_44.json', 1], ['1d_move_2p_7.json', 1], ['1d_move_2p_dp_29.json', 1], ['1d_move_2p_dp_44.json', 1], ['1d_move_2p_dp_7.json', 1], ['1d_move_3p_15.json', 1], ['1d_move_3p_29.json', 1], ['1d_move_3p_44.json', 1], ['1d_move_3p_7.json', 1], ['1d_move_dp_23.json', 1], ['1d_move_dp_44.json', 1], ['1d_move_dp_7.json', 1], ['1d_padded_fill_4.json', 1], ['1d_padded_fill_47.json', 1], ['1d_pcopy_1c_15.json', 1], ['1d_pcopy_mc_2.json', 1], ['1d_pcopy_mc_47.json', 1], ['1d_recolor_cmp_12.json', 1], ['1d_recolor_cmp_25.json', 1], ['1d_recolor_oe_28.json', 1], ['1d_recolor_oe_8.json', 1], ['1d_scale_dp_13.json', 1], ['1d_scale_dp_17.json', 1], ['1d_scale_dp_18.json', 1], ['1d_scale_dp_19.json', 1], ['1d_scale_dp_22.json', 1], ['1d_scale_dp_29.json', 1], ['1d_scale_dp_3.json', 1], ['1d_scale_dp_35.json', 1], ['1d_scale_dp_37.json', 1], ['1d_scale_dp_41.json', 1], ['1d_scale_dp_43.json', 1], ['1d_scale_dp_44.json', 1], ['1d_scale_dp_46.json', 1], ['1d_scale_dp_7.json', 1], ['1d_scale_dp_8.json', 1]]",[],TheBloke/Llama-2-13B-GPTQ,True,0.7,arc_1D,,True,bfs,cot,sample,value,greedy,False,1,1,1,,16.60655737704918,main,,,,,,
2024-02-05_14-31-11,TheBloke/Llama-2-70b-Chat-GPTQ,677546,1048433,,arc_1D,901,False,0 - 9,23,0.025527192008879023,0,0,2,2,2,0,2,2,1,0,1,0,0,0,2,0,2,7,0.0,0.0,0.04,0.04,0.04,0.0,0.04,0.04,0.02,0.0,0.02,0.0,0.0,0.0,0.04,0.0,0.04,0.13725490196078433,"[['1d_fill_4.json', 1], ['1d_fill_47.json', 1], ['1d_flip_1.json', 1], ['1d_flip_10.json', 1], ['1d_hollow_47.json', 1], ['1d_hollow_49.json', 1], ['1d_move_1p_44.json', 1], ['1d_move_1p_7.json', 1], ['1d_move_2p_27.json', 1], ['1d_move_2p_44.json', 1], ['1d_move_2p_dp_8.json', 1], ['1d_move_dp_23.json', 1], ['1d_recolor_cmp_31.json', 1], ['1d_recolor_cmp_42.json', 1], ['1d_recolor_oe_28.json', 1], ['1d_recolor_oe_44.json', 1], ['1d_scale_dp_13.json', 1], ['1d_scale_dp_23.json', 1], ['1d_scale_dp_27.json', 1], ['1d_scale_dp_29.json', 1], ['1d_scale_dp_37.json', 1], ['1d_scale_dp_44.json', 1], ['1d_scale_dp_46.json', 1]]",[],TheBloke/Llama-2-70b-Chat-GPTQ,True,0.7,arc_1D,,True,bfs,cot,sample,value,greedy,False,1,1,1,,11.869565217391305,main,,,,,,
2024-02-07_09-36-06,TheBloke/Llama-2-70B-GPTQ,3635644,4177514,,arc_1D,901,False,0 - 9,124,0.13762486126526083,2,13,12,13,2,7,15,5,7,5,4,1,1,3,5,3,11,15,0.04,0.26,0.24,0.26,0.04,0.14,0.3,0.1,0.14,0.1,0.08,0.02,0.02,0.06,0.1,0.06,0.22,0.29411764705882354,"[['1d_denoising_1c_1.json', 1], ['1d_denoising_1c_42.json', 1], ['1d_denoising_mc_0.json', 1], ['1d_denoising_mc_2.json', 1], ['1d_denoising_mc_21.json', 1], ['1d_denoising_mc_37.json', 1], ['1d_denoising_mc_41.json', 1], ['1d_denoising_mc_42.json', 1], ['1d_denoising_mc_43.json', 1], ['1d_denoising_mc_45.json', 1], ['1d_denoising_mc_46.json', 1], ['1d_denoising_mc_5.json', 1], ['1d_denoising_mc_6.json', 1], ['1d_denoising_mc_7.json', 1], ['1d_denoising_mc_9.json', 1], ['1d_fill_0.json', 1], ['1d_fill_11.json', 1], ['1d_fill_14.json', 1], ['1d_fill_17.json', 1], ['1d_fill_18.json', 1], ['1d_fill_20.json', 1], ['1d_fill_23.json', 1], ['1d_fill_38.json', 1], ['1d_fill_4.json', 1], ['1d_fill_40.json', 1], ['1d_fill_44.json', 1], ['1d_fill_6.json', 1], ['1d_flip_10.json', 1], ['1d_flip_11.json', 1], ['1d_flip_21.json', 1], ['1d_flip_25.json', 1], ['1d_flip_30.json', 1], ['1d_flip_31.json', 1], ['1d_flip_34.json', 1], ['1d_flip_36.json', 1], ['1d_flip_37.json', 1], ['1d_flip_41.json', 1], ['1d_flip_47.json', 1], ['1d_flip_49.json', 1], ['1d_flip_6.json', 1], ['1d_hollow_0.json', 1], ['1d_hollow_4.json', 1], ['1d_mirror_1.json', 1], ['1d_mirror_20.json', 1], ['1d_mirror_22.json', 1], ['1d_mirror_27.json', 1], ['1d_mirror_37.json', 1], ['1d_mirror_41.json', 1], ['1d_mirror_7.json', 1], ['1d_move_1p_13.json', 1], ['1d_move_1p_15.json', 1], ['1d_move_1p_16.json', 1], ['1d_move_1p_18.json', 1], ['1d_move_1p_19.json', 1], ['1d_move_1p_29.json', 1], ['1d_move_1p_3.json', 1], ['1d_move_1p_38.json', 1], ['1d_move_1p_39.json', 1], ['1d_move_1p_44.json', 1], ['1d_move_1p_45.json', 1], ['1d_move_1p_47.json', 1], ['1d_move_1p_48.json', 1], ['1d_move_1p_6.json', 1], ['1d_move_1p_7.json', 1], ['1d_move_2p_16.json', 1], ['1d_move_2p_29.json', 1], ['1d_move_2p_44.json', 1], ['1d_move_2p_47.json', 1], ['1d_move_2p_7.json', 1], ['1d_move_2p_dp_24.json', 1], ['1d_move_2p_dp_29.json', 1], ['1d_move_2p_dp_30.json', 1], ['1d_move_2p_dp_37.json', 1], ['1d_move_2p_dp_47.json', 1], ['1d_move_2p_dp_7.json', 1], ['1d_move_2p_dp_8.json', 1], ['1d_move_3p_15.json', 1], ['1d_move_3p_29.json', 1], ['1d_move_3p_39.json', 1], ['1d_move_3p_7.json', 1], ['1d_move_3p_8.json', 1], ['1d_move_dp_23.json', 1], ['1d_move_dp_37.json', 1], ['1d_move_dp_7.json', 1], ['1d_move_dp_8.json', 1], ['1d_padded_fill_25.json', 1], ['1d_pcopy_1c_4.json', 1], ['1d_pcopy_mc_20.json', 1], ['1d_pcopy_mc_33.json', 1], ['1d_pcopy_mc_44.json', 1], ['1d_recolor_cmp_0.json', 1], ['1d_recolor_cmp_1.json', 1], ['1d_recolor_cmp_34.json', 1], ['1d_recolor_cmp_42.json', 1], ['1d_recolor_cmp_49.json', 1], ['1d_recolor_cnt_23.json', 1], ['1d_recolor_cnt_5.json', 1], ['1d_recolor_cnt_7.json', 1], ['1d_recolor_oe_11.json', 1], ['1d_recolor_oe_15.json', 1], ['1d_recolor_oe_17.json', 1], ['1d_recolor_oe_19.json', 1], ['1d_recolor_oe_22.json', 1], ['1d_recolor_oe_28.json', 1], ['1d_recolor_oe_3.json', 1], ['1d_recolor_oe_45.json', 1], ['1d_recolor_oe_46.json', 1], ['1d_recolor_oe_7.json', 1], ['1d_recolor_oe_8.json', 1], ['1d_scale_dp_12.json', 1], ['1d_scale_dp_13.json', 1], ['1d_scale_dp_19.json', 1], ['1d_scale_dp_27.json', 1], ['1d_scale_dp_29.json', 1], ['1d_scale_dp_30.json', 1], ['1d_scale_dp_35.json', 1], ['1d_scale_dp_37.json', 1], ['1d_scale_dp_42.json', 1], ['1d_scale_dp_43.json', 1], ['1d_scale_dp_46.json', 1], ['1d_scale_dp_5.json', 1], ['1d_scale_dp_6.json', 1], ['1d_scale_dp_7.json', 1], ['1d_scale_dp_8.json', 1]]",[],TheBloke/Llama-2-70B-GPTQ,True,0.7,arc_1D,,True,bfs,cot,sample,value,greedy,False,1,1,1,,19.14516129032258,main,,,,,,
2024-02-09_08-48-40,TheBloke/Llama-2-7B-GPTQ,4759827,6241944,,arc_1D,901,False,0 - 9,39,0.04328523862375139,1,1,3,1,3,2,4,2,2,3,2,1,0,1,2,0,0,11,0.02,0.02,0.06,0.02,0.06,0.04,0.08,0.04,0.04,0.06,0.04,0.02,0.0,0.02,0.04,0.0,0.0,0.21568627450980393,"[['1d_denoising_1c_36.json', 1], ['1d_denoising_mc_37.json', 1], ['1d_fill_0.json', 1], ['1d_fill_4.json', 1], ['1d_fill_47.json', 1], ['1d_flip_21.json', 1], ['1d_hollow_0.json', 1], ['1d_hollow_4.json', 1], ['1d_hollow_47.json', 1], ['1d_mirror_20.json', 1], ['1d_mirror_37.json', 1], ['1d_move_1p_15.json', 1], ['1d_move_1p_20.json', 1], ['1d_move_1p_29.json', 1], ['1d_move_1p_44.json', 1], ['1d_move_2p_29.json', 1], ['1d_move_2p_44.json', 1], ['1d_move_2p_dp_29.json', 1], ['1d_move_2p_dp_44.json', 1], ['1d_move_3p_29.json', 1], ['1d_move_3p_44.json', 1], ['1d_move_3p_7.json', 1], ['1d_move_dp_23.json', 1], ['1d_move_dp_7.json', 1], ['1d_padded_fill_47.json', 1], ['1d_pcopy_mc_44.json', 1], ['1d_recolor_cmp_0.json', 1], ['1d_recolor_cmp_42.json', 1], ['1d_scale_dp_13.json', 1], ['1d_scale_dp_19.json', 1], ['1d_scale_dp_22.json', 1], ['1d_scale_dp_29.json', 1], ['1d_scale_dp_37.json', 1], ['1d_scale_dp_38.json', 1], ['1d_scale_dp_43.json', 1], ['1d_scale_dp_44.json', 1], ['1d_scale_dp_46.json', 1], ['1d_scale_dp_7.json', 1], ['1d_scale_dp_8.json', 1]]",[],TheBloke/Llama-2-7B-GPTQ,True,0.7,arc_1D,,True,bfs,cot,sample,value,greedy,False,1,1,1,,14.35897435897436,main,,,,,,
2024-02-12_09-24-54,mistralai/Mistral-7B-v0.1,88848,1033116,,arc_1D,901,False,0 - 9,190,0.21087680355160932,14,26,16,14,8,7,15,7,7,5,2,9,3,5,6,3,11,32,0.28,0.52,0.32,0.28,0.16,0.14,0.3,0.14,0.14,0.1,0.04,0.18,0.06,0.1,0.12,0.06,0.22,0.6274509803921569,"[['1d_denoising_1c_0.json', 1], ['1d_denoising_1c_1.json', 1], ['1d_denoising_1c_16.json', 1], ['1d_denoising_1c_23.json', 1], ['1d_denoising_1c_26.json', 1], ['1d_denoising_1c_28.json', 1], ['1d_denoising_1c_29.json', 1], ['1d_denoising_1c_35.json', 1], ['1d_denoising_1c_36.json', 1], ['1d_denoising_1c_37.json', 1], ['1d_denoising_1c_42.json', 1], ['1d_denoising_1c_44.json', 1], ['1d_denoising_1c_46.json', 1], ['1d_denoising_1c_9.json', 1], ['1d_denoising_mc_0.json', 1], ['1d_denoising_mc_1.json', 1], ['1d_denoising_mc_12.json', 1], ['1d_denoising_mc_13.json', 1], ['1d_denoising_mc_15.json', 1], ['1d_denoising_mc_16.json', 1], ['1d_denoising_mc_18.json', 1], ['1d_denoising_mc_19.json', 1], ['1d_denoising_mc_22.json', 1], ['1d_denoising_mc_26.json', 1], ['1d_denoising_mc_27.json', 1], ['1d_denoising_mc_28.json', 1], ['1d_denoising_mc_3.json', 1], ['1d_denoising_mc_30.json', 1], ['1d_denoising_mc_32.json', 1], ['1d_denoising_mc_33.json', 1], ['1d_denoising_mc_34.json', 1], ['1d_denoising_mc_35.json', 1], ['1d_denoising_mc_37.json', 1], ['1d_denoising_mc_38.json', 1], ['1d_denoising_mc_39.json', 1], ['1d_denoising_mc_45.json', 1], ['1d_denoising_mc_46.json', 1], ['1d_denoising_mc_47.json', 1], ['1d_denoising_mc_49.json', 1], ['1d_denoising_mc_8.json', 1], ['1d_fill_0.json', 1], ['1d_fill_10.json', 1], ['1d_fill_11.json', 1], ['1d_fill_13.json', 1], ['1d_fill_14.json', 1], ['1d_fill_18.json', 1], ['1d_fill_20.json', 1], ['1d_fill_25.json', 1], ['1d_fill_26.json', 1], ['1d_fill_32.json', 1], ['1d_fill_35.json', 1], ['1d_fill_38.json', 1], ['1d_fill_4.json', 1], ['1d_fill_47.json', 1], ['1d_fill_6.json', 1], ['1d_fill_9.json', 1], ['1d_flip_1.json', 1], ['1d_flip_10.json', 1], ['1d_flip_11.json', 1], ['1d_flip_16.json', 1], ['1d_flip_18.json', 1], ['1d_flip_25.json', 1], ['1d_flip_31.json', 1], ['1d_flip_34.json', 1], ['1d_flip_36.json', 1], ['1d_flip_4.json', 1], ['1d_flip_41.json', 1], ['1d_flip_47.json', 1], ['1d_flip_48.json', 1], ['1d_flip_7.json', 1], ['1d_hollow_0.json', 1], ['1d_hollow_26.json', 1], ['1d_hollow_33.json', 1], ['1d_hollow_37.json', 1], ['1d_hollow_38.json', 1], ['1d_hollow_4.json', 1], ['1d_hollow_47.json', 1], ['1d_hollow_6.json', 1], ['1d_mirror_1.json', 1], ['1d_mirror_22.json', 1], ['1d_mirror_27.json', 1], ['1d_mirror_37.json', 1], ['1d_mirror_42.json', 1], ['1d_mirror_44.json', 1], ['1d_mirror_7.json', 1], ['1d_move_1p_13.json', 1], ['1d_move_1p_14.json', 1], ['1d_move_1p_15.json', 1], ['1d_move_1p_16.json', 1], ['1d_move_1p_18.json', 1], ['1d_move_1p_22.json', 1], ['1d_move_1p_24.json', 1], ['1d_move_1p_29.json', 1], ['1d_move_1p_36.json', 1], ['1d_move_1p_4.json', 1], ['1d_move_1p_44.json', 1], ['1d_move_1p_47.json', 1], ['1d_move_1p_48.json', 1], ['1d_move_1p_49.json', 1], ['1d_move_1p_7.json', 1], ['1d_move_2p_15.json', 1], ['1d_move_2p_16.json', 1], ['1d_move_2p_24.json', 1], ['1d_move_2p_29.json', 1], ['1d_move_2p_44.json', 1], ['1d_move_2p_47.json', 1], ['1d_move_2p_7.json', 1], ['1d_move_2p_dp_15.json', 1], ['1d_move_2p_dp_25.json', 1], ['1d_move_2p_dp_29.json', 1], ['1d_move_2p_dp_4.json', 1], ['1d_move_2p_dp_44.json', 1], ['1d_move_2p_dp_47.json', 1], ['1d_move_2p_dp_7.json', 1], ['1d_move_3p_15.json', 1], ['1d_move_3p_24.json', 1], ['1d_move_3p_29.json', 1], ['1d_move_3p_44.json', 1], ['1d_move_3p_7.json', 1], ['1d_move_dp_44.json', 1], ['1d_move_dp_7.json', 1], ['1d_padded_fill_0.json', 1], ['1d_padded_fill_2.json', 1], ['1d_padded_fill_20.json', 1], ['1d_padded_fill_25.json', 1], ['1d_padded_fill_38.json', 1], ['1d_padded_fill_4.json', 1], ['1d_padded_fill_44.json', 1], ['1d_padded_fill_47.json', 1], ['1d_padded_fill_6.json', 1], ['1d_pcopy_1c_15.json', 1], ['1d_pcopy_1c_28.json', 1], ['1d_pcopy_1c_9.json', 1], ['1d_pcopy_mc_20.json', 1], ['1d_pcopy_mc_27.json', 1], ['1d_pcopy_mc_44.json', 1], ['1d_pcopy_mc_8.json', 1], ['1d_pcopy_mc_9.json', 1], ['1d_recolor_cmp_0.json', 1], ['1d_recolor_cmp_14.json', 1], ['1d_recolor_cmp_17.json', 1], ['1d_recolor_cmp_32.json', 1], ['1d_recolor_cmp_42.json', 1], ['1d_recolor_cmp_7.json', 1], ['1d_recolor_cnt_2.json', 1], ['1d_recolor_cnt_21.json', 1], ['1d_recolor_cnt_7.json', 1], ['1d_recolor_oe_11.json', 1], ['1d_recolor_oe_17.json', 1], ['1d_recolor_oe_19.json', 1], ['1d_recolor_oe_22.json', 1], ['1d_recolor_oe_28.json', 1], ['1d_recolor_oe_3.json', 1], ['1d_recolor_oe_34.json', 1], ['1d_recolor_oe_42.json', 1], ['1d_recolor_oe_43.json', 1], ['1d_recolor_oe_44.json', 1], ['1d_recolor_oe_8.json', 1], ['1d_scale_dp_1.json', 1], ['1d_scale_dp_13.json', 1], ['1d_scale_dp_14.json', 1], ['1d_scale_dp_16.json', 1], ['1d_scale_dp_17.json', 1], ['1d_scale_dp_18.json', 1], ['1d_scale_dp_19.json', 1], ['1d_scale_dp_2.json', 1], ['1d_scale_dp_22.json', 1], ['1d_scale_dp_23.json', 1], ['1d_scale_dp_24.json', 1], ['1d_scale_dp_25.json', 1], ['1d_scale_dp_29.json', 1], ['1d_scale_dp_3.json', 1], ['1d_scale_dp_30.json', 1], ['1d_scale_dp_34.json', 1], ['1d_scale_dp_35.json', 1], ['1d_scale_dp_37.json', 1], ['1d_scale_dp_39.json', 1], ['1d_scale_dp_4.json', 1], ['1d_scale_dp_41.json', 1], ['1d_scale_dp_43.json', 1], ['1d_scale_dp_44.json', 1], ['1d_scale_dp_45.json', 1], ['1d_scale_dp_46.json', 1], ['1d_scale_dp_48.json', 1], ['1d_scale_dp_49.json', 1], ['1d_scale_dp_5.json', 1], ['1d_scale_dp_50.json', 1], ['1d_scale_dp_6.json', 1], ['1d_scale_dp_7.json', 1], ['1d_scale_dp_8.json', 1]]",[],mistralai/Mistral-7B-v0.1,True,0.7,arc_1D,,True,bfs,cot,sample,value,greedy,False,1,1,1,,23.231578947368423,main,0.0,Mistral-7B-Instruct-v0.1_naive_cot_2024-02-11_03-31-13,,,,
2024-02-10_22-15-07,TheBloke/Platypus2-13B-GPTQ,5781926,8329800,,arc_1D,901,False,0 - 9,26,0.02885682574916759,0,3,3,0,0,0,3,2,2,2,1,2,0,0,0,0,0,8,0.0,0.06,0.06,0.0,0.0,0.0,0.06,0.04,0.04,0.04,0.02,0.04,0.0,0.0,0.0,0.0,0.0,0.1568627450980392,"[['1d_denoising_mc_11.json', 1], ['1d_denoising_mc_37.json', 1], ['1d_denoising_mc_9.json', 1], ['1d_fill_0.json', 1], ['1d_fill_11.json', 1], ['1d_fill_47.json', 1], ['1d_move_1p_44.json', 1], ['1d_move_1p_5.json', 1], ['1d_move_1p_7.json', 1], ['1d_move_2p_44.json', 1], ['1d_move_2p_7.json', 1], ['1d_move_2p_dp_44.json', 1], ['1d_move_2p_dp_7.json', 1], ['1d_move_3p_44.json', 1], ['1d_move_3p_7.json', 1], ['1d_move_dp_7.json', 1], ['1d_padded_fill_25.json', 1], ['1d_padded_fill_47.json', 1], ['1d_scale_dp_13.json', 1], ['1d_scale_dp_35.json', 1], ['1d_scale_dp_37.json', 1], ['1d_scale_dp_39.json', 1], ['1d_scale_dp_44.json', 1], ['1d_scale_dp_5.json', 1], ['1d_scale_dp_7.json', 1], ['1d_scale_dp_8.json', 1]]",[],TheBloke/Platypus2-13B-GPTQ,True,0.7,arc_1D,,True,bfs,cot,sample,value,greedy,False,1,1,1,,14.961538461538462,main,,,,,,
2024-02-09_18-10-08,TheBloke/Platypus2-70B-GPTQ,5315214,7285872,,arc_1D,901,False,0 - 9,39,0.04328523862375139,0,0,6,12,2,0,3,0,1,0,4,0,0,0,0,0,0,11,0.0,0.0,0.12,0.24,0.04,0.0,0.06,0.0,0.02,0.0,0.08,0.0,0.0,0.0,0.0,0.0,0.0,0.21568627450980393,"[['1d_fill_25.json', 1], ['1d_fill_38.json', 1], ['1d_fill_4.json', 1], ['1d_fill_46.json', 1], ['1d_fill_49.json', 1], ['1d_fill_5.json', 1], ['1d_flip_10.json', 1], ['1d_flip_16.json', 1], ['1d_flip_19.json', 1], ['1d_flip_22.json', 1], ['1d_flip_25.json', 1], ['1d_flip_27.json', 1], ['1d_flip_31.json', 1], ['1d_flip_33.json', 1], ['1d_flip_36.json', 1], ['1d_flip_40.json', 1], ['1d_flip_41.json', 1], ['1d_flip_42.json', 1], ['1d_hollow_11.json', 1], ['1d_hollow_4.json', 1], ['1d_move_1p_44.json', 1], ['1d_move_1p_45.json', 1], ['1d_move_1p_7.json', 1], ['1d_move_2p_dp_8.json', 1], ['1d_move_dp_29.json', 1], ['1d_move_dp_44.json', 1], ['1d_move_dp_7.json', 1], ['1d_move_dp_8.json', 1], ['1d_scale_dp_10.json', 1], ['1d_scale_dp_13.json', 1], ['1d_scale_dp_25.json', 1], ['1d_scale_dp_29.json', 1], ['1d_scale_dp_34.json', 1], ['1d_scale_dp_35.json', 1], ['1d_scale_dp_37.json', 1], ['1d_scale_dp_44.json', 1], ['1d_scale_dp_45.json', 1], ['1d_scale_dp_7.json', 1], ['1d_scale_dp_8.json', 1]]",[],TheBloke/Platypus2-70B-GPTQ,True,0.7,arc_1D,,True,bfs,cot,sample,value,greedy,False,1,1,1,,14.717948717948717,main,,,,,,
2024-02-11_03-31-13,mistralai/Mistral-7B-Instruct-v0.1,6304520,9370124,,arc_1D,901,False,0 - 9,1,0.0011098779134295228,0,1,0,0,0,0,0,0,0,0,0,0,0,0,0,0,0,0,0.0,0.02,0.0,0.0,0.0,0.0,0.0,0.0,0.0,0.0,0.0,0.0,0.0,0.0,0.0,0.0,0.0,0.0,"[['1d_denoising_mc_2', 1]]",[],mistralai/Mistral-7B-Instruct-v0.1,True,0.7,arc_1D,,True,bfs,cot,sample,value,greedy,False,1,1,1,,0.0,main,0.0,Mistral-7B-Instruct-v0.1_naive_cot_2024-02-11_03-31-13,,,,
2024-02-22_20-02-08,mistralai/Mixtral-8x7B-Instruct-v0.1,593504,1042126,,arc_1D,901,False,0 - 9,112,0.12430632630410655,0,12,17,11,5,3,12,6,3,3,3,10,2,1,1,1,7,15,0.0,0.24,0.34,0.22,0.1,0.06,0.24,0.12,0.06,0.06,0.06,0.2,0.04,0.02,0.02,0.02,0.14,0.29411764705882354,"[['1d_denoising_mc_10.json', 1], ['1d_denoising_mc_13.json', 1], ['1d_denoising_mc_18.json', 1], ['1d_denoising_mc_19.json', 1], ['1d_denoising_mc_24.json', 1], ['1d_denoising_mc_25.json', 1], ['1d_denoising_mc_27.json', 1], ['1d_denoising_mc_36.json', 1], ['1d_denoising_mc_42.json', 1], ['1d_denoising_mc_43.json', 1], ['1d_denoising_mc_7.json', 1], ['1d_denoising_mc_9.json', 1], ['1d_fill_0.json', 1], ['1d_fill_16.json', 1], ['1d_fill_19.json', 1], ['1d_fill_25.json', 1], ['1d_fill_26.json', 1], ['1d_fill_29.json', 1], ['1d_fill_32.json', 1], ['1d_fill_36.json', 1], ['1d_fill_38.json', 1], ['1d_fill_39.json', 1], ['1d_fill_41.json', 1], ['1d_fill_42.json', 1], ['1d_fill_45.json', 1], ['1d_fill_46.json', 1], ['1d_fill_47.json', 1], ['1d_fill_7.json', 1], ['1d_fill_9.json', 1], ['1d_flip_10.json', 1], ['1d_flip_11.json', 1], ['1d_flip_2.json', 1], ['1d_flip_22.json', 1], ['1d_flip_24.json', 1], ['1d_flip_28.json', 1], ['1d_flip_33.json', 1], ['1d_flip_34.json', 1], ['1d_flip_46.json', 1], ['1d_flip_7.json', 1], ['1d_flip_8.json', 1], ['1d_hollow_0.json', 1], ['1d_hollow_11.json', 1], ['1d_hollow_12.json', 1], ['1d_hollow_16.json', 1], ['1d_hollow_17.json', 1], ['1d_mirror_18.json', 1], ['1d_mirror_23.json', 1], ['1d_mirror_41.json', 1], ['1d_move_1p_10.json', 1], ['1d_move_1p_13.json', 1], ['1d_move_1p_15.json', 1], ['1d_move_1p_17.json', 1], ['1d_move_1p_20.json', 1], ['1d_move_1p_27.json', 1], ['1d_move_1p_3.json', 1], ['1d_move_1p_31.json', 1], ['1d_move_1p_44.json', 1], ['1d_move_1p_48.json', 1], ['1d_move_1p_5.json', 1], ['1d_move_1p_8.json', 1], ['1d_move_2p_18.json', 1], ['1d_move_2p_34.json', 1], ['1d_move_2p_43.json', 1], ['1d_move_2p_5.json', 1], ['1d_move_2p_7.json', 1], ['1d_move_2p_8.json', 1], ['1d_move_2p_dp_18.json', 1], ['1d_move_2p_dp_45.json', 1], ['1d_move_2p_dp_7.json', 1], ['1d_move_3p_27.json', 1], ['1d_move_3p_45.json', 1], ['1d_move_3p_5.json', 1], ['1d_move_dp_10.json', 1], ['1d_move_dp_34.json', 1], ['1d_move_dp_39.json', 1], ['1d_padded_fill_11.json', 1], ['1d_padded_fill_14.json', 1], ['1d_padded_fill_20.json', 1], ['1d_padded_fill_28.json', 1], ['1d_padded_fill_39.json', 1], ['1d_padded_fill_42.json', 1], ['1d_padded_fill_44.json', 1], ['1d_padded_fill_47.json', 1], ['1d_padded_fill_49.json', 1], ['1d_padded_fill_5.json', 1], ['1d_pcopy_1c_30.json', 1], ['1d_pcopy_1c_7.json', 1], ['1d_pcopy_mc_7.json', 1], ['1d_recolor_cmp_35.json', 1], ['1d_recolor_cnt_7.json', 1], ['1d_recolor_oe_1.json', 1], ['1d_recolor_oe_15.json', 1], ['1d_recolor_oe_18.json', 1], ['1d_recolor_oe_19.json', 1], ['1d_recolor_oe_22.json', 1], ['1d_recolor_oe_43.json', 1], ['1d_recolor_oe_44.json', 1], ['1d_scale_dp_0.json', 1], ['1d_scale_dp_10.json', 1], ['1d_scale_dp_11.json', 1], ['1d_scale_dp_12.json', 1], ['1d_scale_dp_15.json', 1], ['1d_scale_dp_29.json', 1], ['1d_scale_dp_3.json', 1], ['1d_scale_dp_31.json', 1], ['1d_scale_dp_34.json', 1], ['1d_scale_dp_37.json', 1], ['1d_scale_dp_38.json', 1], ['1d_scale_dp_39.json', 1], ['1d_scale_dp_4.json', 1], ['1d_scale_dp_45.json', 1], ['1d_scale_dp_6.json', 1]]",[],mistralai/Mixtral-8x7B-Instruct-v0.1,True,,arc_1D,,True,bfs,cot,sample,value,greedy,False,1,1,1,,22.196428571428573,main,0.0,,0.0,[],[],[]
2024-02-23_12-18-44,Qwen/Qwen-72B-Chat-Int4,531712,2703,,arc_1D,901,False,0 - 9,83,0.09211986681465038,0,10,14,14,1,1,15,4,2,2,0,4,2,1,2,0,1,10,0.0,0.2,0.28,0.28,0.02,0.02,0.3,0.08,0.04,0.04,0.0,0.08,0.04,0.02,0.04,0.0,0.02,0.19607843137254902,"[['1d_denoising_mc_13.json', 1], ['1d_denoising_mc_18.json', 1], ['1d_denoising_mc_21.json', 1], ['1d_denoising_mc_23.json', 1], ['1d_denoising_mc_28.json', 1], ['1d_denoising_mc_30.json', 1], ['1d_denoising_mc_31.json', 1], ['1d_denoising_mc_36.json', 1], ['1d_denoising_mc_45.json', 1], ['1d_denoising_mc_48.json', 1], ['1d_fill_11.json', 1], ['1d_fill_14.json', 1], ['1d_fill_20.json', 1], ['1d_fill_22.json', 1], ['1d_fill_23.json', 1], ['1d_fill_24.json', 1], ['1d_fill_29.json', 1], ['1d_fill_33.json', 1], ['1d_fill_37.json', 1], ['1d_fill_40.json', 1], ['1d_fill_43.json', 1], ['1d_fill_45.json', 1], ['1d_fill_47.json', 1], ['1d_fill_5.json', 1], ['1d_flip_0.json', 1], ['1d_flip_1.json', 1], ['1d_flip_10.json', 1], ['1d_flip_12.json', 1], ['1d_flip_18.json', 1], ['1d_flip_21.json', 1], ['1d_flip_25.json', 1], ['1d_flip_27.json', 1], ['1d_flip_29.json', 1], ['1d_flip_3.json', 1], ['1d_flip_34.json', 1], ['1d_flip_4.json', 1], ['1d_flip_45.json', 1], ['1d_flip_7.json', 1], ['1d_hollow_47.json', 1], ['1d_mirror_45.json', 1], ['1d_move_1p_10.json', 1], ['1d_move_1p_19.json', 1], ['1d_move_1p_22.json', 1], ['1d_move_1p_23.json', 1], ['1d_move_1p_33.json', 1], ['1d_move_1p_36.json', 1], ['1d_move_1p_37.json', 1], ['1d_move_1p_38.json', 1], ['1d_move_1p_39.json', 1], ['1d_move_1p_44.json', 1], ['1d_move_1p_45.json', 1], ['1d_move_1p_46.json', 1], ['1d_move_1p_48.json', 1], ['1d_move_1p_5.json', 1], ['1d_move_1p_7.json', 1], ['1d_move_2p_29.json', 1], ['1d_move_2p_36.json', 1], ['1d_move_2p_41.json', 1], ['1d_move_2p_44.json', 1], ['1d_move_2p_dp_15.json', 1], ['1d_move_2p_dp_44.json', 1], ['1d_move_3p_44.json', 1], ['1d_move_3p_48.json', 1], ['1d_padded_fill_25.json', 1], ['1d_padded_fill_28.json', 1], ['1d_padded_fill_47.json', 1], ['1d_padded_fill_49.json', 1], ['1d_pcopy_1c_30.json', 1], ['1d_pcopy_1c_36.json', 1], ['1d_pcopy_mc_20.json', 1], ['1d_recolor_cmp_0.json', 1], ['1d_recolor_cmp_20.json', 1], ['1d_recolor_oe_11.json', 1], ['1d_scale_dp_16.json', 1], ['1d_scale_dp_19.json', 1], ['1d_scale_dp_22.json', 1], ['1d_scale_dp_23.json', 1], ['1d_scale_dp_24.json', 1], ['1d_scale_dp_37.json', 1], ['1d_scale_dp_44.json', 1], ['1d_scale_dp_46.json', 1], ['1d_scale_dp_7.json', 1], ['1d_scale_dp_8.json', 1]]","['1d_denoising_mc_30.json', '1d_denoising_mc_31.json', '1d_denoising_mc_36.json', '1d_fill_33.json', '1d_fill_40.json', '1d_flip_29.json', '1d_move_1p_45.json', '1d_move_1p_48.json', '1d_move_2p_41.json', '1d_pcopy_mc_20.json']",Qwen/Qwen-72B-Chat-Int4,True,,arc_1D,,True,bfs,cot,sample,value,greedy,False,1,1,1,,19.337349397590362,main,0.0,,0.0,[],[],[]
